id;left;kwic;right;VNP?;doc.txtype_group
1;Aby/aby|být/J,-------------|Vc----------I-- ne/ne/TT------------- ,/,/Z:------------- když/když/J,------------- v/v/RR--6---------- duchu/duch/NNIS6-----A---- eklektické/eklektický/AAFS2----1A---- logiky/logika/NNFS2-----A---- býval/bývat/VpMS----R-AAI-- Hung/Hung/NNMS1-----A---- v/v/RR--6---------- mládí/mládí/NNNS6-----A---- notorickým/notorický/AAMS7----1A---- fanouškem/fanoušek/NNMS7-----A---- elektronického/elektronický/AAIS2----1A---- destruktora/destruktor/NNIS2-----A---1 Aphexe/Aphex/NNIS2-----A---- Twina/Twin/NNMS2-----A---- ,/,/Z:------------- zatímco/zatímco/J,------------- Power/Power/F%-------------;choval/chovat/VpIS----R-AAI-- slabost/slabost/NNFS4-----A----;pro/pro/RR--4---------- instrumentální/instrumentální/AAFP4----1A---- plochy/plocha/NNFP4-----A---- postrockových/postrockový/AANP2----1A---- Mogwai/Mogwai/X@------------- ././Z:-------------;1;NMG: publicistika
2;Václav/Václav/NNMS1-----A---- III/III/C}------------- ././Z0------------- se/se/P7--4---------- na/na/RR--6---------- počátku/počátek/NNIS6-----A---- své/svůj/P8FS2---------1 vlády/vláda/NNFS2-----A---- příliš/příliš/Db------------- vladařsky/vladařsky/Dg-------1A----;nechoval/chovat/VpMS----R-NAI-- a/a/J^------------- jeho/jeho/PSNS1-S3------- jednání/jednání/NNNS1-----A---- ,/,/Z:------------- rozdělující/rozdělující/AGNS1-----A---- šlechtickou/šlechtický/AAFS4----1A---- obec/obec/NNFS4-----A---- na/na/RR--4---------- obdarovávané/obdarovávaný/AAMP4----1A---- stoupence/stoupenec/NNMP4-----A---- a/a/J^------------- na/na/RR--4---------- okraj/okraj/NNIS4-----A---- dění/dění/NNNS2-----A---- odstrkávané/odstrkávaný/AAMP4----1A---- jedince/jedinec/NNMP4-----A---- ,/,/Z:------------- mohlo/moci/VpNS----R-AAI-- po/po/RR--6---------- jeho/jeho/PSFS6-S3------- smrti/smrt/NNFS6-----A---- zapříčinit/zapříčinit/Vf--------A-P-- téměř/téměř/Db------------- bratrovražedné/bratrovražedný/AANS4----1A---- napětí/napětí/NNNS4-----A---- mezi/mezi/RR--7---------- znepřátelenými/znepřátelený/AAFP7----1A---- stranami/strana/NNFP7-----A---- ,/,/Z:------------- jež/jenž/PJFP1---------- využívaly/využívat/VpFP----R-AAI-- mocenské/mocenský/AAFP4----1A---- slabosti/slabost/NNFP4-----A----;všech/všechen/PLMP2---------- jeho/jeho/PSMP2-S3------- nástupců/nástupce/NNMP2-----A---- ,/,/Z:------------- Rudolfa/Rudolf/NNMS4-----A---- Habsburského/Habsburský/NNMS4-----A---- ,/,/Z:------------- Jindřicha/Jindřich/NNMS4-----A---- Korutanského/Korutanský/NNMS4-----A---- a/a/J^------------- po/po/RR--4---------- mnoho/mnoho/Ca--4---------- let/rok/NNNP2-----A---- i/i/J^------------- Jana/Jan/NNMS4-----A---- Lucemburského/lucemburský/AAMS4----1A---- ././Z:-------------;0;NMG: publicistika
3;Ten/ten/PDMS1---------- přiznává/přiznávat/VB-S---3P-AAI-- ,/,/Z:------------- že/že/J,-------------;chová/chovat/VB-S---3P-AAI-- pro/pro/RR--4---------- historii/historie/NNFS4-----A---- vinohradnictví/vinohradnictví/NNNS2-----A---- slabost/slabost/NNFS4-----A----;././Z:-------------;1;NMG: publicistika
4;Americká/americký/AAFS1----1A---- psycholožka/psycholožka/NNFS1-----A---- Gloria/Glorie/NNFS1-----A---1 Leonová/Leonová/NNFS1-----A---- studovala/studovat/VpFS----R-AAI-- různě/různě/Dg-------1A---- namíchané/namíchaný/AAFP4----1A---- polární/polární/AAFP4----1A---- výpravy/výprava/NNFP4-----A---- a/a/J^------------- zjistila/zjistit/VpFS----R-AAP-- ,/,/Z:------------- že/že/J,------------- když/když/J,------------- jsou/být/VB-P---3P-AAI-- v/v/RR--6---------- týmu/tým/NNIS6-----A---- přítomny/přítomný/ACFP------A---- ženy/žena/NNFP1-----A---- ,/,/Z:------------- muži/muž/NNMP1-----A---- se/se/P7--4----------;chovají/chovat/VB-P---3P-AAI-- odpovědněji/odpovědně/Dg-------2A---- a/a/J^------------- častěji/často/Dg-------2A---- vyjadřují/vyjadřovat/VB-P---3P-AAI-- emoce/emoce/NNFP4-----A---- –/-/Z:------------- v/v/RR--6---------- čistě/čistě/Dg-------1A---- mužském/mužský/AAIS6----1A---- kolektivu/kolektiv/NNIS6-----A---- by/být/Vc----------I-- to/ten/PDNS4---------- neudělali/udělat/VpMP----R-NAP-- z/z/RR--2---------- obavy/obava/NNFS2-----A---- ,/,/Z:------------- že/že/J,------------- to/ten/PDNS1---------- bude/být/VB-S---3F-AAI-- považováno/považovat/VsNS------API-- za/za/RR--4---------- slabost/slabost/NNFS4-----A----;././Z:-------------;0;NMG: publicistika
5;Tušil/tušit/VpMS----R-AAI-- jsem/být/VB-S---1P-AAI-- ,/,/Z:------------- jak/jak/Db------------- mu/on/PHMS3--3------- je/být/VB-S---3P-AAI-- ,/,/Z:------------- protože/protože/J,------------- ačkoli/ačkoli/J,------------- se/se/P7--4----------;choval/chovat/VpMS----R-AAI-- k/k/RR--3---------- našim/náš/PSMP3-P1------- pacientům/pacient/NNMP3-----A---- s/s/RR--7---------- veselou/veselý/AAFS7----1A---- bravurou/bravura/NNFS7-----A---- ,/,/Z:------------- neoklamal/oklamat/VpMS----R-NAP-- mě/já/PH-S4--1------- v/v/RR--6---------- jednom/jeden/ClNS6---------- -/-/Z:------------- měl/mít/VpMS----R-AAI-- slabost/slabost/NNFS4-----A----;pro/pro/RR--4---------- kočky/kočka/NNFP4-----A---- ././Z:-------------;0;FIC: beletrie
6;K/k/RR--3---------- ženám/žena/NNFP3-----A---- se/se/P7--4---------- vždy/vždy/Db-------------;choval/chovat/VpMS----R-AAI-- s/s/RR--7---------- obrovskou/obrovský/AAFS7----1A---- a/a/J^------------- neskrývanou/skrývaný/AAFS7----1N---- úctou/úcta/NNFS7-----A---- ,/,/Z:------------- ačkoliv/ačkoli/J,------------- neměl/mít/VpMS----R-NAI-- vůbec/vůbec/TT------------- smysl/smysl/NNIS4-----A---- pro/pro/RR--4---------- jejich/jejich/PSFP4-P3------- slabosti/slabost/NNFP4-----A----;-/-/Z:------------- kňourání/kňourání/NNNS4-----A---- ,/,/Z:------------- bolesti/bolest/NNFP4-----A---- hlavy/hlava/NNFS2-----A---- ,/,/Z:------------- nechutenství/nechutenství/NNNS1-----A---- a/a/J^------------- pláč/pláč/NNIS4-----A---- ho/on/PHMS4--3------- rozčilovaly/rozčilovat/VpFP----R-AAI-- ././Z:-------------;0;FIC: beletrie
7;,/,/Z:------------- který/který/P4MS1---------- byl/být/VpMS----R-AAI-- také/také/Db------------- velký/velký/AAMS1----1A---- básník/básník/NNMS1-----A---- ,/,/Z:------------- pak/pak/Db------------- se/se/P7--4---------- zbláznila/zbláznit/VpFS----R-AAP-- do/do/RR--2---------- knížete/kníže/NNMS2-----A---- Hermanna/Hermann/NNMS2-----A---- von/von/F%------------- Pückler/Pückler/NNMS1-----A---- -/-/Z0------------- Muskau/Muskau/X@------------- ,/,/Z:------------- který/který/P4MS1---------- sice/sice/J^------------- nebyl/být/VpMS----R-NAI-- velký/velký/AAMS1----1A---- básník/básník/NNMS1-----A---- ,/,/Z:------------- ale/ale/J^------------- psal/psát/VpMS----R-AAI-- knihy/kniha/NNFP4-----A---- (/(/Z:------------- byl/být/VpMS----R-AAI-- to/ten/PDNS1---------- ostatně/ostatně/TT------------- on/on/PPMS1--3------- ,/,/Z:------------- jemuž/jenž/PJMS3---------- je/být/VB-S---3P-AAI-- věnována/věnovat/VsFS------APB-- Korespondence/korespondence/NNFS1-----A---- Goetha/Goethe/NNMS2-----A---- s/s/RR--7---------- dítětem/dítě/NNNS7-----A---- )/)/Z:------------- ,/,/Z:------------- pak/pak/Db------------- ,/,/Z:------------- když/když/J,------------- už/už/Db------------- jí/on/PPFS3--3------- bylo/být/VpNS----R-AAI-- padesát/padesát/Cn-S1---------- ,/,/Z:-------------;"chovala/chovat/VpFS----R-AAI-- mateřsko-erotické/mateřsko-erotický/AAIP4----1A---- city/cit/NNIP4-----A---- k/k/RR--3---------- dvěma/dva/ClMP3---------- mladíkům/mladík/NNMP3-----A---- ,/,/Z:------------- Philippovi/Philipp/NNMS3-----A---- Nathusiusovi/Nathusiusovi/X@------------- a/a/J^------------- Juliusu/Juliusu/X@------------- Döringovi/Döring/NNMS3-----A---- ,/,/Z:------------- kteří/který/P4MP1---------- nepsali/psát/VpMP----R-NAI-- knihy/kniha/NNFP4-----A---- ,/,/Z:------------- ale/ale/J^------------- vyměňovali/vyměňovat/VpMP----R-AAI-- si/se/P7--3---------- s/s/RR--7---------- ní/on/P5FS7--3------- dopisy/dopis/NNIP4-----A---- (/(/Z:------------- tu/ten/PDFS4---------- korespondenci/korespondence/NNFS4-----A---- také/také/Db------------- částečně/částečně/Dg-------1A---- zveřejnila/zveřejnit/VpFS----R-AAP-- )/)/Z:------------- ,/,/Z:------------- obdivovala/obdivovat/VpFS----R-AAI-- se/se/P7--4---------- Karlu/Karel/NNMS3-----A---1 Marxovi/Marx/NNMS3-----A---1 ,/,/Z:------------- kterého/který/P4MS4---------- donutila/donutit/VpFS----R-AAP-- jít/jít/Vf--------A-I-- jednou/jednou/Cv------------- na/na/RR--4---------- dlouhou/dlouhý/AAFS4----1A---- noční/noční/AAFS4----1A---- procházku/procházka/NNFS4-----A---- ve/v/RV--6---------- dvou/dva/ClMP6---------- ,/,/Z:------------- když/když/J,------------- byla/být/VpFS----R-AAI-- na/na/RR--6---------- návštěvě/návštěva/NNFS6-----A---- u/u/RR--2---------- jeho/jeho/PSFS2-S3------- snoubenky/snoubenka/NNFS2-----A---- Jenny/Jenny/NNFS1-----A---- (/(/Z:------------- Marxovi/Marx/NNMS3-----A---1 se/se/P7--4---------- na/na/RR--4---------- procházku/procházka/NNFS4-----A---- nechtělo/chtít/VpNS----R-NAI-- ,/,/Z:------------- toužil/toužit/VpMS----R-AAI-- být/být/Vf--------A-I-- s/s/RR--7---------- Jenny/Jenny/NNFS7-----A---- a/a/J^------------- ne/ne/TT------------- s/s/RR--7---------- Bettinou/Bettina/NNFS7-----A---- ;/;/Z:------------- ale/ale/J^------------- ani/ani/J^------------- ten/ten/PDMS1---------- ,/,/Z:------------- kdo/kdo/PKM-1---------- byl/být/VpMS----R-AAI-- s/s/RR--4---------- to/ten/PDNS4---------- obrátit/obrátit/Vf--------A-P-- vzhůru/vzhůru/Db------------- nohama/noha/NNFD7-----A---- celý/celý/AAIS4----1A---- svět/svět/NNIS4-----A---- ,/,/Z:------------- nebyl/být/VpMS----R-NAI-- s/s/RR--4---------- to/ten/PDNS4---------- čelit/čelit/Vf--------A-I-- ženě/žena/NNFS3-----A---- ,/,/Z:------------- která/který/P4FS1---------- tykala/tykat/VpFS----R-AAI-- Goethovi/Goethe/NNMS3-----A---- )/)/Z:------------- ,/,/Z:------------- měla/mít/VpFS----R-AAI-- slabost/slabost/NNFS4-----A----";pro/pro/RR--4---------- Franze/Franz/NNMS4-----A---- Liszta/Liszt/NNMS4-----A---- ,/,/Z:------------- ale/ale/J^------------- jen/jen/Db------------- prchavě/prchavě/Dg-------1A---- ,/,/Z:------------- protože/protože/J,------------- ji/on/PPFS4--3------- pohoršilo/pohoršit/VpNS----R-AAP-- ,/,/Z:------------- že/že/J,------------- se/se/P7--4---------- Liszt/Liszt/NNMS1-----A---- neumí/umět/VB-S---3P-NAI-- starat/starat/Vf--------A-I-- než/než/J,------------- o/o/RR--4---------- vlastní/vlastní/AAFS4----1A---- slávu/sláva/NNFS4-----A---- ,/,/Z:------------- snažila/snažit/VpFS----R-AAI-- se/se/P7--4---------- vášnivě/vášnivě/Dg-------1A---- pomoci/pomoci/Vf--------A-P-- duševně/duševně/Dg-------1A---- nemocnému/nemocný/AAMS3----1A---- malíři/malíř/NNMS3-----A---- Karlu/Karel/NNMS3-----A---1 Blecherovi/Blecher/NNMS3-----A---- (/(/Z:------------- jeho/jeho/PSFS7-S3------- ženou/žena/NNFS7-----A---- opovrhovala/opovrhovat/VpFS----R-AAI-- neméně/málo/Dg-------2N---- než/než/J,------------- kdysi/kdysi/Db------------- paní/paní/NNFS4-----A---- Goethovou/Goethův/AUFS7M--------- )/)/Z:------------- ,/,/Z:------------- dala/dát/VpFS----R-AAP-- se/se/P7--4---------- do/do/RR--2---------- korespondence/korespondence/NNFS2-----A---- s/s/RR--7---------- dědicem/dědic/NNMS7-----A---- saského/saský/AAIS2----1A---- a/a/J^-------------;0;FIC: beletrie
8;Nicméně/nicméně/J^------------- už/už/Db------------- v/v/RR--6---------- 17/17/C=------------- ././Z0------------- století/století/NNNS6-----A---- byli/být/VpMP----R-AAI--;chováni/chovat/VsMP------API-- v/v/RR--6---------- císařské/císařský/AAFS6----1A---- oboře/obora/NNFS6-----A---- u/u/RR--2---------- Vídně/Vídeň/NNFS2-----A---- ,/,/Z:------------- panovník/panovník/NNMS1-----A---- František/František/NNMS1-----A---- Josef/Josef/NNMS1-----A---- I/I/C}------------- ././Z0------------- měl/mít/VpMS----R-AAI-- pro/pro/RR--4---------- vše/všechen/PLNS4---------1 kolem/kolem/RR--2---------- lovu/lov/NNIS2-----A---- slabost/slabost/NNFS4-----A----;././Z:-------------;0;NMG: publicistika
9;Výpověď/výpověď/NNFS1-----A----;chovala/chovat/VpFS----R-AAI-- slabost/slabost/NNFS4-----A----;././Z:-------------;1;FIC: beletrie
10;;chovala/chovat/VpFS----R-AAI-- pro/pro/RR--4---------- tebe/ty/PP-S4--2------- slabost/slabost/NNFS4-----A----;././Z:-------------;1;FIC: beletrie
11;Pokud/pokud/J,------------- se/se/P7--4---------- my/my/PP-P1--1------- budeme/být/VB-P---1F-AAI-- k/k/RR--3---------- těm/ten/PDMP3---------- ,/,/Z:------------- co/co/J,------------- nevolí/nevole/NNFS7-----A---- našeho/náš/PSMS4-P1------- kandidáta/kandidát/NNMS2-----A---- ,/,/Z:-------------;chovat/chovat/Vf--------A-I-- stejně/stejně/Dg-------1A---- ,/,/Z:------------- jako/jako/J,------------- se/se/P7--4---------- chovalo/chovat/VpNS----R-AAI-- osm/osm/Cn-S1---------- konkurentů/konkurent/NNMP2-----A---- v/v/RR--6---------- první/první/CrFS6---------- volbě/volba/NNFS6-----A---- –/-/Z:------------- a/a/J^------------- po/po/RR--6---------- ní/on/P5FS6--3------- –/-/Z:------------- k/k/RR--3---------- sobě/se/P6--3---------- navzájem/navzájem/Db------------- ,/,/Z:------------- neprojevíme/projevit/VB-P---1P-NAP-- tím/ten/PDNS7---------- slabost/slabost/NNFS4-----A----;././Z:-------------;0;NMG: publicistika
12;Všechny/všechen/PLFP1---------- jeho/jeho/PSFP1-S3------- bývalky/bývalka/NNFP1-----A---- ,/,/Z:------------- ač/ač/J,------------- se/se/P7--4---------- k/k/RR--3---------- nim/oni/P5FP3--3-------;choval/chovat/VpMS----R-AAI-- hrozně/hrozně/Dg-------1A---- ,/,/Z:------------- pro/pro/RR--4---------- něj/on/P5MS4--3------- mají/mít/VB-P---3P-AAI-- stále/stále/Dg-------1A---- slabost/slabost/NNFS4-----A----;././Z:-------------;0;NMG: publicistika
13;Tváří/tvář/NNFS7-----A---- v/v/RR--4---------- tvář/tvář/NNFS4-----A---- této/tento/PDFS3---------- podobě/podoba/NNFS3-----A---- zla/zlo/NNNS2-----A---- se/se/P7--4---------- musí/muset/VB-S---3P-AAI-- lidská/lidský/AAFS1----1A---- bytost/bytost/NNFS1-----A----;chovat/chovat/Vf--------A-I-- rozumně/rozumně/Dg-------1A---- a/a/J^------------- přijmout/přijmout/Vf--------A-P-- slabosti/slabost/NNFP4-----A----;své/svůj/P8FS2---------1 konečné/konečná/NNFS2-----A---- přirozenosti/přirozenost/NNFS2-----A---- ././Z:-------------;0;NFC: oborová literatura
14;Trump/Trump/NNMS1-----A---- se/se/P7--4---------- zpočátku/zpočátku/Db------------- debaty/debata/NNFS2-----A----;choval/chovat/VpMS----R-AAI-- zdrženlivě/zdrženlivě/Dg-------1A---- ,/,/Z:------------- poté/poté/Db------------- ale/ale/J^------------- neudržel/udržet/VpMS----R-NAP-- emoce/emoce/NNFP4-----A---- na/na/RR--6---------- uzdě/uzda/NNFS6-----A---- a/a/J^------------- opět/opět/Db------------- projevil/projevit/VpMS----R-AAP-- svoji/svůj/P8FS4---------- slabost/slabost/NNFS4-----A----;–/-/Z:------------- nechal/nechat/VpMS----R-AAP-- se/se/P7--4---------- zahnat/zahnat/Vf--------A-P-- do/do/RR--2---------- kouta/kout/NNIS2-----A---- klidem/klid/NNIS7-----A---- své/svůj/P8FS2---------1 sokyně/sokyně/NNFS2-----A---- ././Z:-------------;0;NMG: publicistika
15;Havel/Havel/NNMS1-----A---- ,/,/Z:------------- který/který/P4MS1---------- by/být/Vc----------I-- se/se/P7--4---------- začal/začít/VpMS----R-AAP--;chovat/chovat/Vf--------A-I-- do/do/RR--2---------- puntíku/puntík/NNIS2-----A---- stejně/stejně/Dg-------1A---- jako/jako/J,------------- jeho/jeho/PSMP1-S3------- západoevropští/západoevropský/AAMP1----1A---- kolegové/kolega/NNMP1-----A---- ,/,/Z:------------- by/být/Vc----------I-- již/již/Db------------- nebyl/být/VpMS----R-NAI-- oním/onen/PDMS7---------- Havlem/Havel/NNMS7-----A---- ,/,/Z:------------- pro/pro/RR--4---------- kterého/který/P4MS4---------- má/mít/VB-S---3P-AAI-- svět/svět/NNIS1-----A---- slabost/slabost/NNFS4-----A----;a/a/J^------------- kterého/který/P4MS4---------- si/se/P7--3---------- váží/vážit/VB-S---3P-AAI-- a/a/J^------------- obdivuje/obdivovat/VB-S---3P-AAI-- ././Z:-------------;0;NMG: publicistika
16;ní/on/P5FS3--3------- ostatní/ostatní/AAMP1----1A---- mile/mile/Dg-------1A---- nechovají/chovat/VB-P---3P-NAI-- 19/19/C=------------- ././Z0------------- měla/mít/VpFS----R-AAI-- podřídit/podřídit/Vf--------A-P-- své/svůj/P8IP4---------1 zájmy/zájem/NNIP4-----A---- rodině/rodina/NNFS3-----A---- ,/,/Z:------------- dokonce/dokonce/TT------------- i/i/J^------------- pokud/pokud/J,------------- jde/jít/VB-S---3P-AAI-- o/o/RR--4---------- program/program/NNIS4-----A---- v/v/RR--6---------- televizi/televize/NNFS6-----A---- 20/20/C=------------- ././Z0------------- měla/mít/VpFS----R-AAI-- vždy/vždy/Db------------- kontrolovat/kontrolovat/Vf--------A-I-- své/svůj/P8IP4---------1 city/cit/NNIP4-----A---- a/a/J^------------- nikdy/nikdy/Db------------- nevyletět/vyletět/Vf--------N-P-- z/z/RR--2---------- kůže/kůže/NNFS2-----A---- 21/21/C=------------- ././Z0------------- měla/mít/VpFS----R-AAI-- ,/,/Z:------------- když/když/J,------------- se/se/P7--4---------- členové/člen/NNMP1-----A---- rodiny/rodina/NNFS2-----A---- rozčílí/rozčílit/VB-P---3P-AAP-- ,/,/Z:------------- vznikající/vznikající/AGFS4-----A---- bouři/bouře/NNFS4-----A---- uklidnit/uklidnit/Vf--------A-P-- 22/22/C=------------- ././Z0------------- se/se/P7--4---------- nikdy/nikdy/Db------------- neměla/mít/VpFS----R-NAI--;chovat/chovat/Vf--------A-I-- hlučně/hlučně/Dg-------1A---- ,/,/Z:------------- i/i/J^------------- když/když/J,------------- se/se/P7--4---------- třeba/třeba/TT------------- trochu/trochu/Db------------- napije/napít/VB-S---3P-AAP-- 23/23/C=------------- ././Z0------------- měla/mít/VpFS----R-AAI-- okamžitě/okamžitě/Dg-------1A---- muži/muž/NNMS3-----A---- projevit/projevit/Vf--------A-P-- všechny/všechen/PLFP4---------- své/svůj/P8FP4---------1 obavy/obava/NNFP4-----A---- a/a/J^------------- slabosti/slabost/NNFP4-----A----;24/24/C=------------- ././Z0------------- měla/mít/VpFS----R-AAI-- odstraňovat/odstraňovat/Vf--------A-I-- svému/svůj/P8MS3---------- muži/muž/NNMS3-----A---- z/z/RR--2---------- cesty/cesta/NNFS2-----A---- všechny/všechen/PLFP4---------- překážky/překážka/NNFP4-----A---- 25/25/C=------------- ././Z0------------- se/se/P7--4---------- měla/mít/VpFS----R-AAI-- postarat/postarat/Vf--------A-P-- o/o/RR--4---------- to/ten/PDNS4---------- ,/,/Z:------------- aby/aby|být/J,-------------|Vc----------I-- se/se/P7--4---------- její/její/PSMS1FS3------- muž/muž/NNMS1-----A---- nikdy/nikdy/Db------------- před/před/RR--7---------- ostatními/ostatní/AAMP7----1A---- neprojevil/projevit/VpMS----R-NAP-- jako/jako/J,------------- strašpytel/strašpytel/NNMS1-----A---- a/a/J^------------- slaboch/slaboch/NNMS1-----A---- 26/26/C=------------- ././Z0------------- neměla/mít/VpFS----R-NAI-- muže/muž/NNMS4-----A---- nikdy/nikdy/Db------------- nechat/nechat/Vf--------A-P-- čekat/čekat/Vf--------A-I-- 27/27/C=------------- ././Z0------------- neměla/mít/VpFS----R-NAI-- muže/muž/NNMS4-----A---- kritizovat/kritizovat/Vf--------A-I-- při/při/RR--6---------- řízení/řízení/NNNS6-----A---- auta/auto/NNNS2-----A---- 28/28/C=------------- ././Z0------------- měla/mít/VpFS----R-AAI-- být/být/Vf--------A-I-- vždy/vždy/Db-------------;0;NMG: publicistika
17;;Chovám/chovat/VB-S---1P-AAI-- určitou/určitý/AAFS4----1A---- slabost/slabost/NNFS4-----A----;pro/pro/RR--4---------- svého/svůj/P8MS4---------- otce/otec/NNMS4-----A---- ,/,/Z:------------- který/který/P4MS1---------- je/být/VB-S---3P-AAI-- slaboch/slaboch/NNMS1-----A---- ././Z:-------------;1;FIC: beletrie
18;Zatímco/zatímco/J,------------- ruský/ruský/AAMS1----1A---- velvyslanec/velvyslanec/NNMS1-----A---- Zorin/Zorin/NNMS1-----A---- neomaleně/neomaleně/Dg-------1A---- využíval/využívat/VpMS----R-AAI-- Masarykových/Masarykův/AUFP2M--------- slabostí/slabost/NNFP2-----A---- a/a/J^-------------;choval/chovat/VpMS----R-AAI-- se/se/P7--4---------- k/k/RR--3---------- němu/on/P5MS3--3------- s/s/RR--7---------- přehlíživou/přehlíživý/AAFS7----1A---- arogancí/arogance/NNFS7-----A---- ,/,/Z:------------- která/který/P4FS1---------- předjímala/předjímat/VpFS----R-AAI-- totalitní/totalitní/AAFP4----1A---- doby/doba/NNFP4-----A---- ,/,/Z:------------- Steinhardt/Steinhardt/NNMS1-----A---- spíš/spíš/TT------------- kritizoval/kritizovat/VpMS----R-AAI-- ministrovu/ministrův/AUFS4M--------- nedůslednost/nedůslednost/NNFS4-----A---- a/a/J^------------- slabost/slabost/NNFS4-----A----;././Z:-------------;0;NFC: oborová literatura
19;"""/""/Z:------------- Jan/Jan/NNMS1-----A---- se/se/P7--4---------- nemusí/muset/VB-S---3P-NAI--";"chovat/chovat/Vf--------A-I-- jen/jen/Db------------- jako/jako/J,------------- vzorný/vzorný/AAMS1----1A---- žák/žák/NNMS1-----A---- ,/,/Z:------------- ""/""/Z:------------- vyjádřil/vyjádřit/VpMS----R-AAP-- trenér/trenér/NNMS1-----A---- pochopení/pochopení/NNNS2-----A---- i/i/J^------------- pro/pro/RR--4---------- některé/některý/PZFP4---------- hráčovy/hráčův/AUFP4M--------- slabosti/slabost/NNFP4-----A----";././Z:-------------;0;NMG: publicistika
20;Jsem/být/VB-S---1P-AAI-- dalek/daleký/ACMS------A---- toho/ten/PDNS2---------- ,/,/Z:------------- abych/aby|být/J,-------------|Vc-S---1----I-- se/se/P7--4---------- k/k/RR--3---------- Mistrům/mistr/NNMP3-----A---- přirovnával/přirovnávat/VpMS----R-AAI-- ,/,/Z:------------- ale/ale/J^------------- pravda/pravda/NNFS1-----A---- je/být/VB-S---3P-AAI-- taková/takový/PDFS1---------- ,/,/Z:------------- že/že/J,------------- i/i/J^------------- já/já/PP-S1--1------- pro/pro/RR--4---------- tyto/tento/PDFP4---------- bytosti/bytost/NNFP4-----A----;chovám/chovat/VB-S---1P-AAI-- slabost/slabost/NNFS4-----A----;,/,/Z:------------- zvláště/zvlášť/Db------------- pro/pro/RR--4---------- takové/takový/PDMP4---------- ,/,/Z:------------- jejichž/jejichž/P1FS1-P3------- diagnóza/diagnóza/NNFS1-----A---- se/se/P7--4---------- do/do/RR--2---------- jednoduchých/jednoduchý/AAFP2----1A---- šablonek/šablonka/NNFP2-----A---- nevejde/vejít/VB-S---3P-NAP-- ././Z:-------------;1;NMG: publicistika
21;"""/""/Z:------------- Novináři/novinář/NNMP1-----A---- skutečně/skutečně/TT------------- občas/občas/Db------------- za/za/RR--4---------- něco/něco/PZ--4---------- mohou/moci/VB-P---3P-AAI-1 ,/,/Z:------------- tak/tak/Db------------- jako/jako/J,------------- někteří/některý/PZMP1---------- politici/politik/NNMP1-----A---- ,/,/Z:------------- tak/tak/Db------------- jako/jako/J,------------- kteříkoliv/kterýkoli/PZMP1---------- občané/občan/NNMP1-----A---- této/tento/PDFS2---------- země/země/NNFS2-----A---- ,/,/Z:------------- kteří/který/P4MP1---------- se/se/P7--4----------";"chovají/chovat/VB-P---3P-AAI-- nekorektně/korektně/Dg-------1N---- ,/,/Z:------------- ""/""/Z:------------- řekla/říci/VpFS----R-AAP-- Právu/právo/NNNS3-----A---- Irena/Irena/NNFS1-----A---- Válová/Válová/NNFS1-----A---- ,/,/Z:------------- předsedkyně/předsedkyně/NNFS1-----A---- Syndikátu/syndikát/NNIS2-----A---- novinářů/novinář/NNMP2-----A---- ČR/ČR/BN------------- ././Z0------------- ""/""/Z:------------- To/ten/PDNS4---------- ví/vědět/VB-S---3P-AAI-- každý/každý/PLMS1---------- soudný/soudný/AAMS1----1A---- člověk/člověk/NNMS1-----A---- a/a/J^------------- fakt/fakt/NNIS1-----A---- ,/,/Z:------------- že/že/J,------------- někteří/některý/PZMP1---------- politici/politik/NNMP1-----A---- se/se/P7--4---------- novinářům/novinář/NNMP3-----A---- snaží/snažit/VB-P---3P-AAI-- přisoudit/přisoudit/Vf--------A-P-- vinu/vina/NNFS4-----A---- za/za/RR--4---------- vše/všechen/PLNS4---------1 ,/,/Z:------------- co/co/PQ--1---------- se/se/P7--4---------- v/v/RR--6---------- této/tento/PDFS6---------- zemi/země/NNFS6-----A---- odehrává/odehrávat/VB-S---3P-AAI-- ,/,/Z:------------- zesměšňuje/zesměšňovat/VB-S---3P-AAI-- politiky/politik/NNMP4-----A---- samé/samý/PLMP4---------- ,/,/Z:------------- ukazuje/ukazovat/VB-S---3P-AAI-- jejich/jejich/PSFS4-P3------- slabost/slabost/NNFS4-----A----";a/a/J^------------- bezradnost/bezradnost/NNFS4-----A---- ././Z:-------------;0;NMG: publicistika
22;Bude/být/VB-S---3F-AAI-- se/se/P7--4----------;chovat/chovat/Vf--------A-I-- suverénně/suverénně/Dg-------1A---- ,/,/Z:------------- před/před/RR--7---------- soupeřkami/soupeřka/NNFP7-----A---- neukáže/ukázat/VB-S---3P-NAP-- na/na/RR--6---------- rozcvičovacím/rozcvičovací/AAIS6----1A---- stadionu/stadion/NNIS6-----A---1 ani/ani/J^------------- ve/v/RV--6---------- svolavatelně/svolavatelna/NNFS6-----A---- slabost/slabost/NNFS4-----A----;././Z:-------------;0;NMG: publicistika
23;V/v/RR--6---------- Evropě/Evropa/NNFS6-----A---- se/se/P7--4---------- samozřejmě/samozřejmě/TT------------- zřetelně/zřetelně/Dg-------1A---- rýsuje/rýsovat/VB-S---3P-AAI-- fronta/fronta/NNFS1-----A---- populistů/populista/NNMP2-----A---- ,/,/Z:------------- kteří/který/P4MP1----------;chovají/chovat/VB-P---3P-AAI-- k/k/RR--3---------- Putinovi/Putin/NNMS3-----A---- sympatie/sympatie/NNFP4-----A---- nebo/nebo/J^------------- mají/mít/VB-P---3P-AAI-- slabost/slabost/NNFS4-----A----;pro/pro/RR--4---------- jeho/jeho/PSFS4-S3------- finanční/finanční/AAFS4----1A---- podporu/podpora/NNFS4-----A---- ././Z:-------------;0;NMG: publicistika
24;"»/""/Z:------------- Jan/Jan/NNMS1-----A---- se/se/P7--4---------- nemusí/muset/VB-S---3P-NAI--";"chovat/chovat/Vf--------A-I-- jen/jen/Db------------- jako/jako/J,------------- vzorný/vzorný/AAMS1----1A---- žák/žák/NNMS1-----A---- ,/,/Z:------------- «/""/Z:------------- vyjádřil/vyjádřit/VpMS----R-AAP-- trenér/trenér/NNMS1-----A---- pochopení/pochopení/NNNS2-----A---- i/i/J^------------- pro/pro/RR--4---------- některé/některý/PZFP4---------- hráčovy/hráčův/AUFP4M--------- slabosti/slabost/NNFP4-----A----";././Z:-------------;0;NMG: publicistika
25;Tak/tak/Db------------- jako/jako/J,------------- legendární/legendární/AAFS1----1A---- teta/teta/NNFS1-----A---- Kateřina/Kateřina/NNFS1-----A----;chovám/chovat/VB-S---1P-AAI-- jistou/jistý/AAFS4----1A---- slabost/slabost/NNFS4-----A----;pro/pro/RR--4---------- pořekadla/pořekadlo/NNNP4-----A---- ././Z:-------------;1;NMG: publicistika
26;Zato/zato/Db------------- se/se/P7--4---------- velmi/velmi/Db------------- důkladně/důkladně/Dg-------1A---- a/a/J^------------- věrně/věrně/Dg-------1A---- pokoušejí/pokoušet/VB-P---3P-AAI-- zachytit/zachytit/Vf--------A-P-- ,/,/Z:------------- jak/jak/Db------------- se/se/P7--4---------- asi/asi/TT------------- mohl/moci/VpIS----R-AAI--;chovat/chovat/Vf--------A-I-- ambiciózní/ambiciózní/AAIS1----1A---- a/a/J^------------- moderní/moderní/AAIS1----1A---- mladý/mladý/AAIS1----1A---- manželský/manželský/AAIS1----1A---- pár/pár/NNIS1-----A---- v/v/RR--6---------- době/doba/NNFS6-----A---- ,/,/Z:------------- která/který/P4FS1---------- hrotila/hrotit/VpFS----R-AAI-- křivdy/křivda/NNFP4-----A---- ,/,/Z:------------- slabosti/slabost/NNFP4-----A----;,/,/Z:------------- podezírání/podezírání/NNNS4-----A---- a/a/J^------------- obviňování/obviňování/NNNS4-----A---- ././Z:-------------;0;NMG: publicistika
27;;Chovám/chovat/VB-S---1P-AAI-- stále/stále/Dg-------1A---- jistou/jistý/AAFS4----1A---- slabost/slabost/NNFS4-----A----;pro/pro/RR--4---------- dobré/dobrý/AANS4----1A---- jídlo/jídlo/NNNS4-----A---- a/a/J^------------- to/ten/PDNS1---------- i/i/J^------------- navzdory/navzdory/RR--3---------- mé/můj/PSFS3-S1------1 dně/dna/NNFS3-----A---- ,/,/Z:------------- leč/leč/J^------------- bohužel/bohužel/TT------------- ,/,/Z:------------- již/již/Db------------- před/před/RR--7---------- hodnou/hodný/AAFS7----1A---- dobou/doba/NNFS7-----A---- jsem/být/VB-S---1P-AAI-- se/se/P7--4---------- musel/muset/VpMS----R-AAI-- vzdát/vzdát/Vf--------A-P-- potěšení/potěšení/NNNS2-----A---- z/z/RR--2---------- krásných/krásný/AAFP2----1A---- dam/dáma/NNFP2-----A---- ././Z:-------------;1;FIC: beletrie
28;"Tím/ten/PDNS7---------- ji/on/PPFS4--3------- jen/jen/Db------------- pošťuchuje/pošťuchovat/VB-S---3P-AAI-- ,/,/Z:------------- poňouká/poňoukat/VB-S---3P-AAI-- ;/;/Z:-------------";chová/chovat/VB-S---3P-AAI-- se/se/P7--4---------- jako/jako/J,------------- bojovník/bojovník/NNMS1-----A---- ,/,/Z:------------- který/který/P4MS1---------- odhalil/odhalit/VpMS----R-AAP-- soupeřovu/soupeřův/AUFS4M--------- slabost/slabost/NNFS4-----A----;–/-/Z:------------- zaútočí/zaútočit/VB-S---3P-AAP-- na/na/RR--4---------- ni/on/P5FS4--3------- ././Z:-------------;0;NMG: publicistika
29;;Chovám/chovat/VB-S---1P-AAI-- slabost/slabost/NNFS4-----A----;"i/i/J^------------- pro/pro/RR--4---------- asijskou/asijský/AAFS4----1A---- kuchyni/kuchyně/NNFS4-----A---- ,/,/Z:------------- ale/ale/J^------------- v/v/RR--6---------- Česku/Česko/NNNS6-----A---- ji/on/PPFS4--3------- málokdo/málokdo/PZM-1---------- umí/umět/VB-S---3P-AAI-- udělat/udělat/Vf--------A-P-- pořádně/pořádně/Dg-------1A---- ,/,/Z:------------- proto/proto/Db------------- si/se/P7--3---------- ji/on/PPFS4--3------- radši/rád/Dg-------2A---1 dopřávám/dopřávat/VB-S---1P-AAI-- na/na/RR--6---------- cestách/cesta/NNFP6-----A---- ,/,/Z:------------- “/""/Z:------------- dodává/dodávat/VB-S---3P-AAI-- ././Z:-------------";1;NMG: publicistika
30;Příkladem/příklad/NNIS7-----A---- pro/pro/RR--4---------- ČNB/ČNB/BN------------- by/být/Vc----------I-- měla/mít/VpFS----R-AAI-- být/být/Vf--------A-I-- skutečnost/skutečnost/NNFS1-----A---- ,/,/Z:------------- že/že/J,------------- sledování/sledování/NNNS1-----A---- kursu/kurz/NNIS2-----A---- eura/euro/NNNS2-----A---- je/být/VB-S---3P-AAI-- ve/v/RV--6---------- srovnání/srovnání/NNNS6-----A---- s/s/RR--7---------- hlavním/hlavní/AAIS7----1A---- cílem/cíl/NNIS7-----A---- ECB/ECB/BN------------- ,/,/Z:------------- jímž/jenž/PJIS7---------- je/být/VB-S---3P-AAI-- cenová/cenový/AAFS1----1A---- stabilita/stabilita/NNFS1-----A---- ,/,/Z:------------- druhořadé/druhořadý/AANS1----1A---- a/a/J^------------- podle/podle/RR--2---------- toho/ten/PDNS2---------- se/se/P7--4---------- ECB/ECB/BN------------- také/také/Db-------------;chová/chovat/VB-S---3P-AAI-- (/(/Z:------------- viz/vidět/Vi-S---2--A-I-1 dubnové/dubnový/AANS4----1A---- snížení/snížení/NNNS4-----A---- hlavní/hlavní/AAFS2----1A---- úrokové/úrokový/AAFS2----1A---- sazby/sazba/NNFS2-----A---- na/na/RR--4---------- 2,5/2,5/C=------------- %/%/Z:------------- bez/bez/RR--2---------- ohledu/ohled/NNIS2-----A---- na/na/RR--4---------- slabost/slabost/NNFS4-----A----;eura/euro/NNNS2-----A---- )/)/Z:------------- ././Z:-------------;0;NMG: publicistika
31;STROJ/stroj/NNIS1-----A---- ,/,/Z:------------- KTERÝ/který/P4IS4---------- COKOLI/cokoli/PZ--4---------- VYMAŽE/vymazat/VB-S---3P-AAP-1 Musím/muset/VB-S---1P-AAI-- se/se/P7--4---------- rovnou/rovnou/Db------------- přiznat/přiznat/Vf--------A-P-- ,/,/Z:------------- že/že/J,------------- vůči/vůči/RR--3---------- některým/některý/PZFP3---------- zemím/země/NNFP3-----A----;chovám/chovat/VB-S---1P-AAI-- podvědomou/podvědomý/AAFS4----1A---- slabost/slabost/NNFS4-----A----;,/,/Z:------------- a/a/J^------------- když/když/J,------------- se/se/P7--4---------- na/na/RR--6---------- Jednom/jeden/ClIS6---------- světě/svět/NNIS6-----A---- objeví/objevit/VB-S---3P-AAP-- snímek/snímek/NNIS1-----A---- z/z/RR--2---------- této/tento/PDFS2---------- země/země/NNFS2-----A---- ,/,/Z:------------- tak/tak/J^------------- jen/jen/Db------------- zřídkakdy/zřídkakdy/Db------------- dokážu/dokázat/VB-S---1P-AAP-- odolat/odolat/Vf--------A-P-- ././Z:-------------;1;NMG: publicistika
32;Čína/Čína/NNFS1-----A---- vyčkává/vyčkávat/VB-S---3P-AAI-- Komentátoři/komentátor/NNMP1-----A---- soudí/soudit/VB-S---3P-AAI-- ,/,/Z:------------- že/že/J,------------- machiavelistické/machiavelistický/AANS1----1A---- ruské/ruský/AANS1----1A---- vedení/vedení/NNNS1-----A----;chová/chovat/VB-S---3P-AAI-- naději/naděje/NNFS4-----A---- v/v/RR--4---------- Obamovu/Obamův/AUFS4M--------- slabost/slabost/NNFS4-----A----;,/,/Z:------------- proto/proto/Db------------- se/se/P7--4---------- z/z/RR--2---------- něj/on/P5IS2--3------- pokusí/pokusit/VB-S---3P-AAP-- vydolovat/vydolovat/Vf--------A-P-- maximum/maximum/NNNS4-----A---- ústupků/ústupek/NNIP2-----A---- ././Z:-------------;0;NMG: publicistika
33;Bude/být/VB-S---3F-AAI-- se/se/P7--4----------;chovat/chovat/Vf--------A-I-- suverénně/suverénně/Dg-------1A---- ,/,/Z:------------- před/před/RR--7---------- soupeřkami/soupeřka/NNFP7-----A---- neukáže/ukázat/VB-S---3P-NAP-- na/na/RR--6---------- rozcvičovacím/rozcvičovací/AAIS6----1A---- stadionu/stadion/NNIS6-----A---1 ani/ani/J^------------- ve/v/RV--6---------- svolavatelně/svolavatelna/NNFS6-----A---- slabost/slabost/NNFS4-----A----;":/:/Z:------------- »/""/Z:------------- Budu/být/VB-S---1F-AAI-- čerpat/čerpat/Vf--------A-I-- sílu/síla/NNFS4-----A---- z/z/RR--2---------- vesmíru/vesmír/NNIS2-----A---- a/a/J^------------- věřím/věřit/VB-S---1P-AAI-- ,/,/Z:------------- že/že/J,------------- to/ten/PDNS1---------- padne/padnout/VB-S---3P-AAP-- ././Z:-------------";0;NMG: publicistika
34;Postavy/postava/NNFP1-----A---- se/se/P7--4---------- někdy/někdy/Db-------------;chovají/chovat/VB-P---3P-AAI-- groteskně/groteskně/Dg-------1A---- ,/,/Z:------------- ale/ale/J^------------- jen/jen/Db------------- proto/proto/Db------------- ,/,/Z:------------- aby/aby|být/J,-------------|Vc----------I-- ještě/ještě/Db------------- více/hodně/Dg-------2A---- upozornily/upozornit/VpFP----R-AAP-- na/na/RR--4---------- svoji/svůj/P8FS4---------- slabost/slabost/NNFS4-----A----;,/,/Z:------------- beznaděj/beznaděj/NNFS4-----A---- ,/,/Z:------------- trápení/trápení/NNNS4-----A---- ././Z:-------------;0;NMG: publicistika
35;"Vezmete/vzít/VB-P---2P-AAP-- -/-/Z:------------- li/li/J,------------- jim/oni/PPMP3--3------- tuhou/tuhý/AAFS4----1A---- disciplinu/disciplína/NNFS4-----A---- ,/,/Z:------------- nevědí/vědět/VB-P---3P-NAI-- ,/,/Z:------------- jak/jak/J,------------- se/se/P7--4---------- mají/mít/VB-P---3P-AAI-- v/v/RR--6---------- nabyté/nabytý/AAFS6----1A---- ""/""/Z:------------- svobodě/svoboda/NNFS6-----A---- ""/""/Z:-------------";chovat/chovat/Vf--------A-I-- ,/,/Z:------------- většinou/většinou/Db------------- ji/on/PPFS4--3------- považují/považovat/VB-P---3P-AAI-- za/za/RR--4---------- slabost/slabost/NNFS4-----A----;učitele/učitel/NNMS2-----A---- a/a/J^------------- snaží/snažit/VB-P---3P-AAI-- se/se/P7--4---------- vyhnout/vyhnout/Vf--------A-P-- jakémukoli/jakýkoli/PZIS3---------- kontaktu/kontakt/NNIS3-----A---- ././Z:-------------;0;NMG: publicistika
36;Většinou/většinou/Db------------- má/mít/VB-S---3P-AAI-- tendenci/tendence/NNFS4-----A----;chovat/chovat/Vf--------A-I-- se/se/P7--4---------- ,/,/Z:------------- jednat/jednat/Vf--------A-I-- ,/,/Z:------------- reagovat/reagovat/Vf--------A-I-- určitým/určitý/AAIS7----1A---- způsobem/způsob/NNIS7-----A---- ,/,/Z:------------- ale/ale/J^------------- vnější/vnější/AAIP1----1A---- požadavky/požadavek/NNIP1-----A---- jsou/být/VB-P---3P-AAI-- jiné/jiný/AAIP1----1A---- ,/,/Z:------------- když/když/J,------------- neví/vědět/VB-S---3P-NAI-- ,/,/Z:------------- co/co/PQ--1---------- je/být/VB-S---3P-AAI-- pro/pro/RR--4---------- něho/on/P5MS4--3------1 lepší/lepší/AANS1----2A---- ,/,/Z:------------- když/když/J,------------- sám/sám/PLMS1---------- před/před/RR--7---------- sebou/se/P6--7---------- skrývá/skrývat/VB-S---3P-AAI-- pravdu/pravda/NNFS4-----A---- a/a/J^------------- své/svůj/P8FP4---------1 slabosti/slabost/NNFP4-----A----;././Z:-------------;0;NMG: publicistika
37;Terapeut/terapeut/NNMS1-----A---- se/se/P7--4---------- snažil/snažit/VpMS----R-AAI--;"chovat/chovat/Vf--------A-I-- zdrženlivě/zdrženlivě/Dg-------1A---- ,/,/Z:------------- když/když/J,------------- však/však/J^------------- na/na/RR--4---------- sezení/sezení/NNNS4-----A---- týmu/tým/NNIS2-----A---- promluvil/promluvit/VpMS----R-AAP-- o/o/RR--6---------- jejím/její/PSIS6FS3------- osudu/osud/NNIS6-----A---- a/a/J^------------- konceptualizaci/konceptualizace/NNFS6-----A---- ,/,/Z:------------- dozvěděl/dozvědět/VpMS----R-AAP-- se/se/P7--4---------- ,/,/Z:------------- že/že/J,------------- má/mít/VB-S---3P-AAI-- „/""/Z:------------- slabost/slabost/NNFS4-----A----";"pro/pro/RR--4---------- hysterky/hysterka/NNFP4-----A---- ,/,/Z:------------- jako/jako/J,------------- všichni/všechen/PLMP1---------- chlapi/chlap/NNMP1-----A---- “/""/Z:------------- ././Z:-------------";0;NFC: oborová literatura
38;;Choval/chovat/VpMS----R-AAI-- se/se/P7--4---------- za/za/RR--2---------- všech/všechen/PLFP2---------- okolností/okolnost/NNFP2-----A---- slušně/slušně/Dg-------1A---- ,/,/Z:------------- byť/byť/J,------------- to/ten/PDNS4---------- někteří/některý/PZMP1---------- vnímali/vnímat/VpMP----R-AAI-- jako/jako/J,------------- slabost/slabost/NNFS4-----A----;",/,/Z:------------- “/""/Z:------------- podotkla/podotknout/VpFS----R-AAP-1 ././Z:-------------";0;NMG: publicistika
39;k/k/RR--3---------- ruce/ruka/NNFS3-----A---- 15/15/C=------------- ././Z0------------- neměla/mít/VpFS----R-NAI-- svého/svůj/P8MS4---------- muže/muž/NNMS4-----A---- zdržovat/zdržovat/Vf--------A-I-- vyprávěním/vyprávění/NNNS7-----A---- o/o/RR--6---------- své/svůj/P8FS6---------1 práci/práce/NNFS6-----A---- 16/16/C=------------- ././Z0------------- neměla/mít/VpFS----R-NAI-- na/na/RR--6---------- sobě/se/P6--6---------- dát/dát/Vf--------A-P-- nikdy/nikdy/Db------------- znát/znát/Vf--------A-I-- ,/,/Z:------------- že/že/J,------------- umí/umět/VB-S---3P-AAI-- více/hodně/Dg-------2A---- než/než/J,------------- muži/muž/NNMP1-----A---- 17/17/C=------------- ././Z0------------- se/se/P7--4---------- neměla/mít/VpFS----R-NAI-- chtít/chtít/Vf--------A-I-- prosadit/prosadit/Vf--------A-P-- v/v/RR--6---------- diskusi/diskuse/NNFS6-----A---- s/s/RR--7---------- muži/muž/NNMP7-----A---- 18/18/C=------------- ././Z0------------- měla/mít/VpFS----R-AAI-- být/být/Vf--------A-I-- vždy/vždy/Db------------- milá/milý/AAFS1----1A---- ,/,/Z:------------- i/i/J^------------- když/když/J,------------- se/se/P7--4---------- k/k/RR--3---------- ní/on/P5FS3--3------- ostatní/ostatní/AAMP1----1A---- mile/mile/Dg-------1A----;nechovají/chovat/VB-P---3P-NAI-- 19/19/C=------------- ././Z0------------- měla/mít/VpFS----R-AAI-- podřídit/podřídit/Vf--------A-P-- své/svůj/P8IP4---------1 zájmy/zájem/NNIP4-----A---- rodině/rodina/NNFS3-----A---- ,/,/Z:------------- dokonce/dokonce/TT------------- i/i/J^------------- pokud/pokud/J,------------- jde/jít/VB-S---3P-AAI-- o/o/RR--4---------- program/program/NNIS4-----A---- v/v/RR--6---------- televizi/televize/NNFS6-----A---- 20/20/C=------------- ././Z0------------- měla/mít/VpFS----R-AAI-- vždy/vždy/Db------------- kontrolovat/kontrolovat/Vf--------A-I-- své/svůj/P8IP4---------1 city/cit/NNIP4-----A---- a/a/J^------------- nikdy/nikdy/Db------------- nevyletět/vyletět/Vf--------N-P-- z/z/RR--2---------- kůže/kůže/NNFS2-----A---- 21/21/C=------------- ././Z0------------- měla/mít/VpFS----R-AAI-- ,/,/Z:------------- když/když/J,------------- se/se/P7--4---------- členové/člen/NNMP1-----A---- rodiny/rodina/NNFS2-----A---- rozčílí/rozčílit/VB-P---3P-AAP-- ,/,/Z:------------- vznikající/vznikající/AGFS4-----A---- bouři/bouře/NNFS4-----A---- uklidnit/uklidnit/Vf--------A-P-- 22/22/C=------------- ././Z0------------- se/se/P7--4---------- nikdy/nikdy/Db------------- neměla/mít/VpFS----R-NAI-- chovat/chovat/Vf--------A-I-- hlučně/hlučně/Dg-------1A---- ,/,/Z:------------- i/i/J^------------- když/když/J,------------- se/se/P7--4---------- třeba/třeba/TT------------- trochu/trochu/Db------------- napije/napít/VB-S---3P-AAP-- 23/23/C=------------- ././Z0------------- měla/mít/VpFS----R-AAI-- okamžitě/okamžitě/Dg-------1A---- muži/muž/NNMS3-----A---- projevit/projevit/Vf--------A-P-- všechny/všechen/PLFP4---------- své/svůj/P8FP4---------1 obavy/obava/NNFP4-----A---- a/a/J^------------- slabosti/slabost/NNFP4-----A----;24/24/C=------------- ././Z0------------- měla/mít/VpFS----R-AAI-- odstraňovat/odstraňovat/Vf--------A-I-- svému/svůj/P8MS3---------- muži/muž/NNMS3-----A---- z/z/RR--2---------- cesty/cesta/NNFS2-----A---- všechny/všechen/PLFP4---------- překážky/překážka/NNFP4-----A---- 25/25/C=------------- ././Z0------------- se/se/P7--4---------- měla/mít/VpFS----R-AAI-- postarat/postarat/Vf--------A-P-- o/o/RR--4---------- to/ten/PDNS4---------- ,/,/Z:------------- aby/aby|být/J,-------------|Vc----------I-- se/se/P7--4---------- její/její/PSMS1FS3------- muž/muž/NNMS1-----A---- nikdy/nikdy/Db------------- před/před/RR--7---------- ostatními/ostatní/AAMP7----1A---- neprojevil/projevit/VpMS----R-NAP-- jako/jako/J,------------- strašpytel/strašpytel/NNMS1-----A---- a/a/J^------------- slaboch/slaboch/NNMS1-----A---- 26/26/C=------------- ././Z0------------- neměla/mít/VpFS----R-NAI-- muže/muž/NNMS4-----A---- nikdy/nikdy/Db------------- nechat/nechat/Vf--------A-P-- čekat/čekat/Vf--------A-I-- 27/27/C=------------- ././Z0------------- neměla/mít/VpFS----R-NAI-- muže/muž/NNMS4-----A---- kritizovat/kritizovat/Vf--------A-I-- při/při/RR--6---------- řízení/řízení/NNNS6-----A---- auta/auto/NNNS2-----A---- 28/28/C=------------- ././Z0------------- měla/mít/VpFS----R-AAI-- být/být/Vf--------A-I-- vždy/vždy/Db-------------;0;NMG: publicistika
40;Pokud/pokud/J,------------- se/se/P7--4---------- my/my/PP-P1--1------- budeme/být/VB-P---1F-AAI-- k/k/RR--3---------- těm/ten/PDMP3---------- ,/,/Z:------------- co/co/J,------------- nevolí/nevole/NNFS7-----A---- našeho/náš/PSMS4-P1------- kandidáta/kandidát/NNMS2-----A---- ,/,/Z:------------- chovat/chovat/Vf--------A-I-- stejně/stejně/Dg-------1A---- ,/,/Z:------------- jako/jako/J,------------- se/se/P7--4----------;chovalo/chovat/VpNS----R-AAI-- osm/osm/Cn-S1---------- konkurentů/konkurent/NNMP2-----A---- v/v/RR--6---------- první/první/CrFS6---------- volbě/volba/NNFS6-----A---- –/-/Z:------------- a/a/J^------------- po/po/RR--6---------- ní/on/P5FS6--3------- –/-/Z:------------- k/k/RR--3---------- sobě/se/P6--3---------- navzájem/navzájem/Db------------- ,/,/Z:------------- neprojevíme/projevit/VB-P---1P-NAP-- tím/ten/PDNS7---------- slabost/slabost/NNFS4-----A----;././Z:-------------;0;NMG: publicistika
41;Kamil/Kamil/NNMS1-----A---- začíná/začínat/VB-S---3P-AAI-- postupně/postupně/Dg-------1A---- trpět/trpět/Vf--------A-I-- pocity/pocit/NNIP7-----A---- viny/vina/NNFS2-----A---- -/-/Z:------------- nevíme/vědět/VB-P---1P-NAI-- sice/sice/J^------------- proč/proč/Db------------- ,/,/Z:------------- ale/ale/J^-------------;chová/chovat/VB-S---3P-AAI-- se/se/P7--4---------- stále/stále/Dg-------1A---- podivněji/podivně/Dg-------2A---- a/a/J^------------- v/v/RR--6---------- opilosti/opilost/NNFS6-----A---- vykřikuje/vykřikovat/VB-S---3P-AAI-- omluvy/omluva/NNFP4-----A---- za/za/RR--4---------- svou/svůj/P8FS4---------1 slabost/slabost/NNFS4-----A----;během/během/RR--2---------- minulého/minulý/AAIS2----1A---- režimu/režim/NNIS2-----A---- ././Z:-------------;0;NMG: publicistika
42;Mám/mít/VB-S---1P-AAI-- ho/on/PHMS4--3------- za/za/RR--4---------- muže/muž/NNMS4-----A---- ,/,/Z:------------- který/který/P4MS1---------- se/se/P7--4----------;chová/chovat/VB-S---3P-AAI-- jako/jako/J,------------- kvalifikovaný/kvalifikovaný/AAMS1----1A---- politik/politik/NNMS1-----A---- :/:/Z:------------- umí/umět/VB-S---3P-AAI-- být/být/Vf--------A-I-- trpělivý/trpělivý/AAMS1----1A---- ,/,/Z:------------- rozpozná/rozpoznat/VB-S---3P-AAP-- příležitost/příležitost/NNFS4-----A---- a/a/J^------------- nepřehlédne/přehlédnout/VB-S---3P-NAP-- slabost/slabost/NNFS4-----A----;././Z:-------------;0;NMG: publicistika
43;;Choval/chovat/VpMS----R-AAI-- se/se/P7--4---------- za/za/RR--2---------- všech/všechen/PLFP2---------- okolností/okolnost/NNFP2-----A---- slušně/slušně/Dg-------1A---- ,/,/Z:------------- byť/byť/J,------------- to/ten/PDNS4---------- někteří/některý/PZMP1---------- vnímali/vnímat/VpMP----R-AAI-- jako/jako/J,------------- slabost/slabost/NNFS4-----A----;",/,/Z:------------- “/""/Z:------------- podotkla/podotknout/VpFS----R-AAP-1 ././Z:-------------";0;NMG: publicistika
44;Ale/ale/J^------------- v/v/RR--6---------- dětství/dětství/NNNS6-----A---- chodil/chodit/VpMS----R-AAI-- do/do/RR--2---------- skautu/skaut/NNIS2-----A---- a/a/J^------------- vždycky/vždy/Db-------------;choval/chovat/VpMS----R-AAI-- slabost/slabost/NNFS4-----A----;pro/pro/RR--4---------- akustickou/akustický/AAFS4----1A---- a/a/J^------------- country/country/NNNS4-----A---- hudbu/hudba/NNFS4-----A---- ././Z:-------------;1;NMG: publicistika
45;Jsem/být/VB-S---1P-AAI-- dalek/daleký/ACMS------A---- toho/ten/PDNS2---------- ,/,/Z:------------- abych/aby|být/J,-------------|Vc-S---1----I-- se/se/P7--4---------- k/k/RR--3---------- Mistrům/mistr/NNMP3-----A---- přirovnával/přirovnávat/VpMS----R-AAI-- ,/,/Z:------------- ale/ale/J^------------- pravda/pravda/NNFS1-----A---- je/být/VB-S---3P-AAI-- taková/takový/PDFS1---------- ,/,/Z:------------- že/že/J,------------- i/i/J^------------- já/já/PP-S1--1------- pro/pro/RR--4---------- tyto/tento/PDFP4---------- bytosti/bytost/NNFP4-----A----;chovám/chovat/VB-S---1P-AAI-- slabost/slabost/NNFS4-----A----;,/,/Z:------------- zvláště/zvlášť/Db------------- pro/pro/RR--4---------- takové/takový/PDMP4---------- ,/,/Z:------------- jejichž/jejichž/P1FS1-P3------- diagnóza/diagnóza/NNFS1-----A---- se/se/P7--4---------- do/do/RR--2---------- jednoduchých/jednoduchý/AAFP2----1A---- šablonek/šablonka/NNFP2-----A---- nevejde/vejít/VB-S---3P-NAP-- ././Z:-------------;1;NMG: publicistika
46;Ten/ten/PDMS1---------- přiznává/přiznávat/VB-S---3P-AAI-- ,/,/Z:------------- že/že/J,-------------;chová/chovat/VB-S---3P-AAI-- pro/pro/RR--4---------- historii/historie/NNFS4-----A---- vinohradnictví/vinohradnictví/NNNS2-----A---- slabost/slabost/NNFS4-----A----;././Z:-------------;1;NMG: publicistika
47;Ale/ale/J^------------- co/co/PQ--1---------- je/být/VB-S---3P-AAI-- nám/my/PP-P3--1------- to/ten/PDNS1---------- všechno/všechen/PLNS1---------- platné/platný/AANS1----1A---- ,/,/Z:------------- pokud/pokud/J,------------- by/být/Vc----------I-- tyto/tento/PDFP1---------- věci/věc/NNFP1-----A---- byly/být/VpFP----R-AAI-- ohroženy/ohrozit/VsIP------APP-- tím/ten/PDNS7---------- ,/,/Z:------------- že/že/J,------------- budou/být/VB-P---3F-AAI-- nakonec/nakonec/TT------------- rozbity/rozbít/VsFP------APP-- nekontrolovaným/kontrolovaný/AAIS7----1N---- přívalem/příval/NNIS7-----A---- migrantů/migrant/NNMP2-----A---- ,/,/Z:------------- lidí/člověk/NNMP2-----A---- ,/,/Z:------------- kteří/který/P4MP1---------- přináší/přinášet/VB-P---3P-AAI-1 úplně/úplně/Dg-------1A---- jinou/jiný/AAFS4----1A---- kulturu/kultura/NNFS4-----A---- ,/,/Z:------------- kteří/který/P4MP1---------- nejsou/být/VB-P---3P-NAI-- připraveni/připravit/VsMP------APP-- se/se/P7--4---------- zde/zde/Db-------------;chovat/chovat/Vf--------A-I-- jako/jako/J,------------- hosté/host/NNMP1-----A---- ,/,/Z:------------- kteří/který/P4MP1---------- nejsou/být/VB-P---3P-NAI-- ochotni/ochotný/ACMP------A---- být/být/Vf--------A-I-- vděční/vděčný/AAMP1----1A---- a/a/J^------------- naši/náš/PSFS4-P1------- slušnost/slušnost/NNFS4-----A---- vnímají/vnímat/VB-P---3P-AAI-- jako/jako/J,------------- naši/náš/PSFS4-P1------- slabost/slabost/NNFS4-----A----;././Z:-------------;0;NMG: publicistika
48;Najednou/najednou/Db------------- se/se/P7--4---------- totiž/totiž/TT-------------;chovám/chovat/VB-S---1P-AAI-- zmateně/zmateně/Dg-------1A---- ,/,/Z:------------- třesu/třást/VB-S---1P-AAI-- se/se/P7--4---------- ,/,/Z:------------- vidím/vidět/VB-S---1P-AAI-- rozmazaně/rozmazaně/Dg-------1A---- a/a/J^------------- cítím/cítit/VB-S---1P-AAI-- velkou/velký/AAFS4----1A---- slabost/slabost/NNFS4-----A----;././Z:-------------;0;NMG: publicistika
49;;Chová/chovat/VB-S---3P-AAI-- se/se/P7--4---------- přátelsky/přátelsky/Dg-------1A---- ,/,/Z:------------- předsudky/předsudek/NNIP1-----A---- jsou/být/VB-P---3P-AAI-- mu/on/PHMS3--3------- cizí/cizí/AAIP1----1A---- a/a/J^------------- dokáže/dokázat/VB-S---3P-AAP-- pochopit/pochopit/Vf--------A-P-- slabosti/slabost/NNFP4-----A----;druhých/druhý/CrMP2---------- ././Z:-------------;0;NMG: publicistika
